{"utilisateur":"barry","titre":"Arctic", "auteur":"Neloy Khare","edition":"2nd edition","prix":"90 €","date":"12/04/2020"}
{"utilisateur":"diallo","titre":"Machine Learning", "auteur":"Alexender","edition":"1th edition","prix":"80 €","date":"12/04/2020"}
{"utilisateur":"balde","titre":"Artificial Inteligence", "auteur":"Christopher","edition":"1th edition","prix":"140 €","date":"12/04/2020"}
{"utilisateur":"barry","titre":"Arctic", "auteur":"Neloy Khare","edition":"2nd edition","prix":"90 €","date":"12/07/2020"}
{"utilisateur":"diallo","titre":"Machine Learning", "auteur":"Alexender","edition":"1th edition","prix":"80 €","date":"12/11/2020"}
{"utilisateur":"balde","titre":"Artificial Inteligence", "auteur":"Christopher","edition":"1th edition","prix":"140 €","date":"12/02/2020"}
{"utilisateur":"barry","titre":"Arctic", "auteur":"Neloy Khare","edition":"2nd edition","prix":"90 €","date":"12/03/2020"}
{"utilisateur":"diallo","titre":"Machine Learning", "auteur":"Alexender","edition":"1th edition","prix":"80 €","date":"12/12/2020"}
{"utilisateur":"balde","titre":"Artificial Inteligence", "auteur":"Christopher","edition":"1th edition","prix":"140 €","date":"12/08/2020"}